,0
iPhone,0.06135738571947147
September 7th,0.06098769259023386
Moto Edge,0.060088199007548984
September 8th,0.05973920407622855
new mobile phones,0.056571881168440724
September,0.05609562071548596
Pro Max,0.05485543405296923
https://bit.ly/3AZEdBnMotorola Edge,0.05425454747331855
Moto X30 Pro,0.05383603394841612
Pro display specifications,0.0537711508750473
GB,0.053694814494758214
Ultra,0.05037219876823222
better ultrawide photos,0.04957865464124246
internal storage,0.04814379718149795
Top smartphones,0.04767249976056787
